Page,Product_Name,Price_Raw,Price_Clean,Compare_Price_Raw,Compare_Price_Clean,Inventory_Raw,Inventory_Clean
1,JBL Flip 4 Waterproof Portable Bluetooth Speaker,Sale price$74.95,74.95,Regular price$99.95,99.95,"In stock, 672 units",672
1,Shure SRH440 Professional Studio Headphones,Sale price$99.00,99.0,N/A,N/A,"In stock, 65 units",65
1,AKG N20U Premium In-Ear Headphones,Sale price$129.95,129.95,N/A,N/A,"In stock, 141 units",141
1,Shure SB900A Lithium-Ion Rechargeable Battery,Sale price$118.00,118.0,N/A,N/A,"In stock, 148 units",148
1,Pioneer PL-990 Automatic Stereo Turntable,Sale price$179.00,179.0,N/A,N/A,"In stock, 148 units",148
1,Klipsch R6m In-Ear Headphones,Sale price$99.00,99.0,N/A,N/A,"In stock, 10 units",10
1,JBL Go2 Portable Bluetooth Speaker,Sale price$39.95,39.95,N/A,N/A,"In stock, 798 units",798
1,Sony PS-HX500 Hi-Res USB Turntable,Sale price$398.00,398.0,Regular price$498.00,498.0,"In stock, 15 units",15
1,Sony NW-E395 Walkman Audio Player,Sale priceFrom $93.00,93.0,N/A,N/A,"In stock, 341 units",341
1,Sennheiser Urbanite On-Ear Headphones,Sale price$199.95,199.95,N/A,N/A,"In stock, 43 units",43
1,Sennheiser CH 800 S High-End Headphones Cable for HD 800,Sale price$379.95,379.95,N/A,N/A,"In stock, 8 units",8
1,Pioneer Hi-Res Digital Audio Player XDP-300R(S),Sale price$699.99,699.99,N/A,N/A,"In stock, 127 units",127
1,Klipsch XR8i In-Ear Headphones,Sale price$279.00,279.0,N/A,N/A,"In stock, 55 units",55
1,Klipsch X12 Bluetooth Neckband Headphones,Sale price$399.00,399.0,N/A,N/A,"In stock, 106 units",106
1,Klipsch R6 On-Ear Headphones,Sale price$79.00,79.0,N/A,N/A,"In stock, 69 units",69
1,JBL Cruise Bluetooth Handlebar Speaker Kit,Sale price$199.95,199.95,N/A,N/A,"In stock, 114 units",114
1,JBL Clip 3 Portable Waterproof Wireless Bluetooth Speaker,Sale price$59.95,59.95,N/A,N/A,"In stock, 688 units",688
1,Denon AH-C720 In-Ear Headphones,Sale price$119.00,119.0,Regular price$149.00,149.0,"In stock, 236 units",236
1,AKG N40 Customizable Hi-Res In-Ear Headphones,Sale price$399.95,399.95,N/A,N/A,"In stock, 39 units",39
1,AKG N20 Premium In-Ear Headphones,Sale price$119.95,119.95,N/A,N/A,"In stock, 203 units",203
1,Yamaha WX-030 MusicCast Wireless Speaker,Sale price$249.95,249.95,N/A,N/A,"In stock, 160 units",160
1,Yamaha WX-010 MusicCast Multiroom Digital Music System,Sale price$179.95,179.95,N/A,N/A,"In stock, 111 units",111
1,Yamaha MusicCast 20 Wireless Speaker,Sale price$229.95,229.95,N/A,N/A,"In stock, 48 units",48
1,Yamaha MultiCast 50 Wireless Speaker WX-051,Sale price$499.95,499.95,N/A,N/A,"In stock, 211 units",211
2,Yamaha EPH-M100 High-performance Earphones with Remote and Mic,Sale priceFrom $99.95,99.95,N/A,N/A,"In stock, 310 units",310
2,Sony XB-950B1 Extra Bass Wireless Headphones with App Control,Sale priceFrom $128.00,128.0,Regular price$178.00,178.0,"In stock, 99 units",99
2,Sony WH1000XM3 Wireless Industry Leading Noise Canceling Over-Ear Headphones,Sale price$348.00,348.0,N/A,N/A,"In stock, 190 units",190
2,Sony RF995RK Wireless RF Headphones,Sale price$118.00,118.0,N/A,N/A,"In stock, 29 units",29
2,Sony MDRXB650BT Extra Bass Bluetooth Headphones,Sale price$128.00,128.0,N/A,N/A,"In stock, 188 units",188
2,Sony MDR-100ABN/B H.ear Wireless Headphones,Sale price$348.00,348.0,N/A,N/A,"In stock, 136 units",136
2,Sony MDR-RF912RK Wireless RF Headphones,Sale price$88.00,88.0,N/A,N/A,"In stock, 97 units",97
2,Shure SRH840 Professional Monitoring Headphones,Sale price$199.00,199.0,N/A,N/A,"In stock, 72 units",72
2,Shure SRH1840 Professional Open Back Headphones,Sale price$499.00,499.0,N/A,N/A,"In stock, 140 units",140
2,Shure SE535LTD Limited Edition Red Sound Isolating Earphones with Remote + Mic,Sale price$499.00,499.0,N/A,N/A,"In stock, 49 units",49
2,Shure SE535-V Sound Isolating Earphones with Triple High Definition MicroDrivers,Sale price$449.00,449.0,N/A,N/A,"In stock, 43 units",43
2,Shure SE425-CL Sound Isolating Earphones with Dual High Definition MicroDrivers,Sale price$269.00,269.0,N/A,N/A,"In stock, 10 units",10
2,Shure SE215SPE-W-BT1 Wireless Sound Isolating Earphones,Sale price$149.00,149.0,N/A,N/A,"In stock, 136 units",136
2,Shure SE215m+SPE Special Edition Sound Isolating Earphones with Remote + Mic,Sale price$119.00,119.0,N/A,N/A,"In stock, 135 units",135
2,Shure SE215-CL Sound Isolating Earphones,Sale price$99.00,99.0,N/A,N/A,"In stock, 82 units",82
2,Shure RMCE-LTG Remote + Mic Lightning Accessory Cable SE Earphones,Sale price$99.99,99.99,N/A,N/A,"In stock, 126 units",126
2,Shure MV5 Digital Condenser Microphone,Sale price$99.00,99.0,N/A,N/A,"In stock, 125 units",125
2,Sennheiser RS 5000 Stethoset TV Listening Stystem,Sale price$249.95,249.95,N/A,N/A,"In stock, 47 units",47
2,Sennheiser PXC 480 Active Noise-Canceling Headphones,Sale price$299.95,299.95,N/A,N/A,"In stock, 146 units",146
2,Sennheiser MKE 440 Professional Stereo Shotgun Microphone (MKE 440),Sale price$349.95,349.95,N/A,N/A,Only 3 units left,3
2,Sennheiser HD 599 Open Back Headphones,Sale price$199.95,199.95,N/A,N/A,"In stock, 92 units",92
2,Sennheiser HD 579 Open Back Headphones,Sale price$199.95,199.95,N/A,N/A,"In stock, 121 units",121
2,Sennheiser HD 569 Closed Back Headphones,Sale price$149.95,149.95,N/A,N/A,"In stock, 93 units",93
2,Sennheiser HD 559 Open Back Headphones,Sale price$99.95,99.95,N/A,N/A,"In stock, 88 units",88
3,Sennheiser HD 4.30G Around Ear Headphones,Sale price$99.95,99.95,N/A,N/A,"In stock, 201 units",201
3,Sennheiser HD 4.20S Around Ear Headphones,Sale price$79.95,79.95,N/A,N/A,"In stock, 141 units",141
3,Sennheiser GSP 500 Open Acoustic Gaming Headset,Sale price$229.95,229.95,N/A,N/A,"In stock, 95 units",95
3,Sennheiser GSP 350 PC Gaming Headset with Dolby 7.1 Surround Sound,Sale price$139.95,139.95,N/A,N/A,"In stock, 145 units",145
3,Sennheiser GSP 300 Closed Back Gaming Headset,Sale price$99.95,99.95,N/A,N/A,"In stock, 138 units",138
3,Sennheiser CX Sport Bluetooth Sport In-Ear Headphones,Sale price$129.95,129.95,N/A,N/A,"In stock, 102 units",102
3,Sennheiser CX 6.00 BT Wireless In-Ear Headphones,Sale price$99.95,99.95,N/A,N/A,"In stock, 61 units",61
3,Sennheiser ClipMic Digital Mobile Recording Microphone for iOS Devices,Sale price$199.00,199.0,N/A,N/A,"In stock, 143 units",143
3,Samsung WAM5500/ZA Radiant360 R5 Wi-Fi/Bluetooth Speaker,Sale price$347.99,347.99,N/A,N/A,"In stock, 28 units",28
3,Samsung WAM3500/ZA Radiant360 R3 Wi-Fi/Bluetooth Speaker,Sale price$247.99,247.99,N/A,N/A,"In stock, 18 units",18
3,Pioneer SE-MS7BT-K High Resolution Compatible Dynamic Sealed Bluetooth Headphones,Sale price$129.99,129.99,N/A,N/A,"In stock, 134 units",134
3,Pioneer High Performance Hi-Res Balanced Wired In-Ear Headphones SE-CH5BL(K),Sale price$39.99,39.99,Regular price$89.99,89.99,"In stock, 131 units",131
3,Master Dynamic MW60 Wireless Over-Ear Headphones,Sale priceFrom $549.00,549.0,N/A,N/A,"In stock, 478 units",478
3,Master Dynamic MW50S1+ 2-In-1 Wireless On/Over-Ear Headphones,Sale price$399.00,399.0,N/A,N/A,"In stock, 332 units",332
3,Master Dynamic MH40 Over-Ear Headphones,Sale price$399.00,399.0,N/A,N/A,"In stock, 115 units",115
3,Marantz TT42 Fully Automatic Belt Drive Turntable,Sale priceFrom $329.00,329.0,N/A,N/A,"In stock, 248 units",248
3,Marantz TT-15S1 Reference Belt Drive Turntable with Cartridge,"Sale price$1,499.00",1499.0,N/A,N/A,"In stock, 95 units",95
3,Klipsch The One,Sale price$299.00,299.0,N/A,N/A,"In stock, 140 units",140
3,Klipsch Reference On-Ear Bluetooth Headphones,Sale price$199.00,199.0,N/A,N/A,"In stock, 243 units",243
3,Klipsch R6i In-Ear Headphones,Sale price$79.00,79.0,N/A,N/A,"In stock, 134 units",134
3,Klipsch Heritage Wireless Three Tabletop Stereo System,Sale price$499.00,499.0,N/A,N/A,"In stock, 142 units",142
3,Klipsch Heritage HP-3 Headphones,"Sale price$1,199.00",1199.0,N/A,N/A,"In stock, 125 units",125
3,JBL Xtreme 2 Portable Wireless Bluetooth Speakers,Sale price$299.95,299.95,N/A,N/A,"In stock, 302 units",302
3,JBL Under Armour Sport Wireless Train On-Ear Headphones,Sale price$199.95,199.95,N/A,N/A,"In stock, 159 units",159
4,JBL Tune 600 BTNC On-Ear Wireless Bluetooth Noise Canceling Headphones,Sale price$79.95,79.95,Regular price$99.95,99.95,"In stock, 351 units",351
4,JBL Tune 205BT Wireless Earbuds,Sale price$31.95,31.95,Regular price$39.95,39.95,"In stock, 444 units",444
4,JBL Reflect Mini 2 Wireless In-Ear Sport Headphones with Three-Button Remote and Mic,Sale price$99.95,99.95,N/A,N/A,"In stock, 63 units",63
4,JBL Reflect Fit In-Ear Wireless Headphones with Heart-Rate Monitor,Sale price$149.95,149.95,N/A,N/A,"In stock, 144 units",144
4,JBL Playlist Wireless Speaker with Chromecast Built-In,Sale price$149.95,149.95,N/A,N/A,"In stock, 159 units",159
4,JBL Live 650BTNC Wireless Over-Ear NC Headphones,Sale price$199.95,199.95,N/A,N/A,"In stock, 248 units",248
4,JBL Live 200 In-Ear Neckband Headphones,Sale price$69.95,69.95,N/A,N/A,"In stock, 293 units",293
4,JBL Live 100 In-Ear Headphones,Sale price$39.95,39.95,N/A,N/A,"In stock, 199 units",199
4,JBL Link 20 Voice Activated Portable Speaker,Sale price$99.95,99.95,Regular price$199.95,199.95,"In stock, 49 units",49
4,"JBL Everest 310 On-Ear Wireless Headphones, with Google Assistant",Sale price$199.95,199.95,N/A,N/A,"In stock, 381 units",381
4,JBL Endurance Peak Waterproof Sport In-Ear Headphones with Built-In Remote and Mic,Sale price$119.95,119.95,N/A,N/A,"In stock, 88 units",88
4,JBL Endurance 500 Jump In-Ear Bluetooth Sport Headphones,Sale price$69.95,69.95,N/A,N/A,"In stock, 506 units",506
4,JBL E65BTNC Wireless Over-Ear Noise-Cancelling Headphones with Mic and One-Button Remote,Sale price$139.95,139.95,Regular price$199.95,199.95,"In stock, 97 units",97
4,JBL E55BT Quincy Edition Wireless Over-Ear Headphones,Sale price$199.95,199.95,N/A,N/A,"In stock, 180 units",180
4,JBL Charge 4 Portable Waterproof Wireless Bluetooth Speaker,Sale price$149.95,149.95,N/A,N/A,"In stock, 768 units",768
4,JBL Charge 3 Portable Bluetooth Speaker,Sale price$99.95,99.95,N/A,N/A,"In stock, 512 units",512
4,Harman Kardon Soho Wireless On-Ear Headphones,Sale price$249.95,249.95,N/A,N/A,"In stock, 61 units",61
4,Harman Kardon Omni50+ Streaming Weatherproof HD Speaker Bluetooth,Sale price$499.95,499.95,N/A,N/A,"In stock, 116 units",116
4,Harman Kardon Omni 20+ Wireless Stereo HD Loudspeaker,Sale price$349.95,349.95,N/A,N/A,"In stock, 145 units",145
4,Harman Kardon Omni 10+ Wireless HD Loudspeaker,Sale price$249.95,249.95,N/A,N/A,"In stock, 90 units",90
4,"Harman Kardon Invoke Voice-Activated Speaker, with Cortana",Sale price$199.95,199.95,N/A,N/A,"In stock, 41 units",41
4,Harman Kardon Go+Play Mini Portable Bluetooth Player,Sale price$399.95,399.95,N/A,N/A,"In stock, 174 units",174
4,Harman Kardon Esquire Portable Wireless Speaker and Conferencing System,Sale price$174.95,174.95,N/A,N/A,"In stock, 88 units",88
4,Harman Kardon Esquire 2 Portable Wireless Speaker and Conferencing System,Sale price$199.95,199.95,N/A,N/A,"In stock, 118 units",118
5,Harman Kardon Citation ONE Smart Home Speaker,Sale price$199.95,199.95,N/A,N/A,"In stock, 148 units",148
5,Harman Kardon Citation 500 Smart Home Speaker,Sale price$599.95,599.95,N/A,N/A,"In stock, 168 units",168
5,Harman Kardon Citation 300 Smart Home Speaker,Sale price$399.95,399.95,N/A,N/A,"In stock, 197 units",197
5,Harman Kardon Citation 100 Smart Home Speaker,Sale price$299.95,299.95,N/A,N/A,"In stock, 190 units",190
5,Focal Stellia Closed Back Headphones,"Sale price$2,999.00",2999.0,N/A,N/A,"In stock, 69 units",69
5,Focal Spark Wireless Bluetooth In-Ear Headphones,Sale price$49.00,49.0,N/A,N/A,"In stock, 166 units",166
5,Focal Spark Wired In-Ear Headphones,Sale price$69.00,69.0,N/A,N/A,"In stock, 210 units",210
5,Focal Listen Wireless On-Ear Bluetooth Headphones,Sale price$299.00,299.0,N/A,N/A,"In stock, 298 units",298
5,Focal CMS 40 Carrying Bag,Sale price$55.00,55.0,N/A,N/A,"In stock, 115 units",115
5,Focal Clear Professional Open-Back Reference Studio Headphones,"Sale price$1,499.00",1499.0,N/A,N/A,"In stock, 57 units",57
5,Devialet VY510US Accessory Dialog Wireless Smart Hub for Phantom,Sale price$329.00,329.0,N/A,N/A,"In stock, 22 units",22
5,Devialet Phantom Remote Super Power Control,Sale price$149.00,149.0,N/A,N/A,"In stock, 141 units",141
5,Devialet Care 3 Year Insurance for Devialet Phantom,Sale price$299.00,299.0,N/A,N/A,"In stock, 129 units",129
5,Denon AHGC20 Globe Cruiser Over-Ear Wireless Noise Cancelling Headphones,Sale price$399.00,399.0,N/A,N/A,"In stock, 132 units",132
5,Denon AH-MM400 Music Maniac Over-Ear Headphones,Sale price$399.00,399.0,N/A,N/A,"In stock, 32 units",32
5,Denon AH-MM200BK Music Maniac On-Ear Headphones,Sale price$199.00,199.0,N/A,N/A,"In stock, 132 units",132
5,Denon AH-D7200 Reference Over-Ear Headphones,Sale price$799.00,799.0,Regular price$999.00,999.0,"In stock, 135 units",135
5,Cambridge YoYo (S) Portable Bluetooth Speaker,Sale price$179.99,179.99,N/A,N/A,"In stock, 281 units",281
5,Cambridge YoYo (M) Bluetooth Speakers - Pair,Sale price$349.99,349.99,N/A,N/A,"In stock, 295 units",295
5,Audio-Technica VMN70SP Replacement Stylus,Sale price$89.00,89.0,N/A,N/A,"In stock, 135 units",135
5,Audio-Technica VMN60SLC Replacement Stylus,Sale price$529.00,529.0,N/A,N/A,"In stock, 102 units",102
5,Audio-Technica VMN50SH Replacement Stylus,Sale price$279.00,279.0,N/A,N/A,"In stock, 143 units",143
5,Audio-Technica VMN40ML Replacement Stylus,Sale price$209.00,209.0,N/A,N/A,"In stock, 35 units",35
5,Audio-Technica VMN30EN Replacement Stylus,Sale price$139.00,139.0,N/A,N/A,"In stock, 109 units",109
6,Audio-Technica VMN20EB Replacement Stylus,Sale price$79.00,79.0,N/A,N/A,"In stock, 108 units",108
6,Audio-Technica VMN10CB Replacement Stylus,Sale price$69.00,69.0,N/A,N/A,"In stock, 9 units",9
6,Audio-Technica VM750SH Dual Moving Magnet Cartridge,Sale price$399.00,399.0,N/A,N/A,"In stock, 92 units",92
6,Audio-Technica VM740ML Dual Moving Magnet Cartridge,Sale price$329.00,329.0,N/A,N/A,"In stock, 32 units",32
6,Audio-Technica VM540ML Dual Moving Magnet Cartridge,Sale price$249.00,249.0,N/A,N/A,"In stock, 5 units",5
6,Audio-Technica VM530EN Dual Moving Magnet Cartridge,Sale price$179.00,179.0,N/A,N/A,Sold out,Sold out
6,Audio-Technica VM520EB Dual Moving Magnet Cartridge,Sale price$119.00,119.0,N/A,N/A,"In stock, 61 units",61
6,Audio Technica ATH-WS770iSBRD Solid Bass Over-Ear Headphones with In-line Mic & Control,Sale price$129.00,129.0,N/A,N/A,"In stock, 35 units",35
6,Audio Technica ATH-WS1100iS Solid Bass Over-Ear Headphones with In-line Mic & Control,Sale price$229.00,229.0,N/A,N/A,"In stock, 30 units",30
6,Audio-Technica ATH-SR9 Sound Reality Over-Ear Hi-Res Headphones,Sale price$449.00,449.0,N/A,N/A,"In stock, 16 units",16
6,Audio Technica ATH-SR5 On-Ear High-Resolution Audio Headphones,Sale price$149.00,149.0,N/A,N/A,"In stock, 255 units",255
6,Audio-Technica ATH-MSR7BK SonicPro Over-Ear Hi-Res Audio Headphones,Sale price$170.00,170.0,N/A,N/A,"In stock, 35 units",35
6,Audio-Technica ATH-LS400iS In-Ear Quad Armature Driver Headphones with In-line Mic & Control,Sale price$579.00,579.0,N/A,N/A,"In stock, 74 units",74
6,Audio-Technica ATH-LS300iS In-Ear Triple Armature Driver Headphones with In-line Mic & Control,Sale price$389.00,389.0,N/A,N/A,"In stock, 63 units",63
6,Audio-Technica ATH-LS200iS In-Ear Dual Armature Driver Headphones with In-line Mic & Control,Sale price$249.00,249.0,N/A,N/A,"In stock, 12 units",12
6,Audio-Technica ATH-CKS990iS Solid Bass In-Ear Headphones with In-line Mic & Control,Sale price$99.95,99.95,N/A,N/A,"In stock, 73 units",73
6,Audio-Technica ATH-ANC9 QuietPoint Active Noise-Cancelling Headphones,Sale price$109.00,109.0,N/A,N/A,"In stock, 47 units",47
6,Audio-Technica AT-OC9ML/II Dual Moving MicroCoil Cartridge,Sale price$699.00,699.0,N/A,N/A,"In stock, 106 units",106
6,Audio-Technica AT-LP7 Fully Manual Belt-Drive Turntable,Sale price$799.00,799.0,N/A,N/A,"In stock, 18 units",18
6,Audio-Technica AT-LP3WH Fully Automatic Belt-Drive Stereo Turntable,Sale price$249.00,249.0,N/A,N/A,"In stock, 21 units",21
6,"Audio-Technica AT-LP1240-USBXP Direct-Drive Professional DJ Turntable, USB & Analog",Sale price$499.00,499.0,N/A,N/A,"In stock, 63 units",63
6,"Audio Technica AT-LP120BK-USB Direct-Drive Professional Turntable, USB & Analog",Sale price$299.00,299.0,N/A,N/A,"In stock, 85 units",85
6,AKG Y50 On-Ear Bluetooth Headphones,Sale price$149.95,149.95,N/A,N/A,"In stock, 214 units",214
6,AKG N90Q Class Auto-Calibrating Noise Cancelling Headphones,"Sale price$1,499.95",1499.95,N/A,N/A,"In stock, 167 units",167
7,AKG N60NCBT On-Ear Wireless Bluetooth Headphones,Sale price$299.95,299.95,N/A,N/A,"In stock, 47 units",47
7,AKG N60 NC Noise Cancelling On-Ear Headphones,Sale price$249.95,249.95,N/A,N/A,"In stock, 117 units",117
7,AKG N5005 Reference Class 5-Driver Configuration In-Ear Headphones,Sale price$999.95,999.95,N/A,N/A,"In stock, 37 units",37
