item_title,price,inventory,vendor,stars,link
Shure SRH440 Professional Studio Headphones,99.0,64,shure,4.5,https://warehouse-theme-metal.myshopify.com/products/shure-srh440-professional-studio-headphones
JBL Flip 4 Waterproof Portable Bluetooth Speaker,74.95,672,jbl,5.0,https://warehouse-theme-metal.myshopify.com/products/jbl-flip-4-waterproof-portable-bluetooth-speaker
AKG N20U Premium In-Ear Headphones,129.95,141,akg,4.5,https://warehouse-theme-metal.myshopify.com/products/akg-n20u-reference-class-in-ear-headphones-with-truly-universal-3-button-control
Shure SB900A Lithium-Ion Rechargeable Battery,118.0,148,shure,5.0,https://warehouse-theme-metal.myshopify.com/products/shure-sb900a-lithium-ion-rechargeable-battery
Pioneer PL-990 Automatic Stereo Turntable,179.0,148,pioneer,3.0,https://warehouse-theme-metal.myshopify.com/products/pioneer-pl-990-automatic-stereo-turntable
Klipsch R6m In-Ear Headphones,99.0,10,klipsch,4.0,https://warehouse-theme-metal.myshopify.com/products/klipsch-r6m-in-ear-headphones
JBL Go2 Portable Bluetooth Speaker,39.95,798,jbl,4.5,https://warehouse-theme-metal.myshopify.com/products/jbl-go-2-portable-bluetooth-waterproof-speaker
Sony PS-HX500 Hi-Res USB Turntable,398.0,15,sony,4.5,https://warehouse-theme-metal.myshopify.com/products/sony-ps-hx500-hi-res-usb-turntable
Sony NW-E395 Walkman Audio Player,93.0,341,sony,5.0,https://warehouse-theme-metal.myshopify.com/products/sony-nw-e395-walkman-audio-player
Sennheiser Urbanite On-Ear Headphones,199.95,43,sennheiser,5.0,https://warehouse-theme-metal.myshopify.com/products/sennheiser-urbanite-on-ear-headphones
Sennheiser CH 800 S High-End Headphones Cable for HD 800,379.95,8,sennheiser,5.0,https://warehouse-theme-metal.myshopify.com/products/sennheiser-ch-800-s-high-end-headphones-cable-for-hd-800
Pioneer Hi-Res Digital Audio Player XDP-300R(S),699.99,127,pioneer,5.0,https://warehouse-theme-metal.myshopify.com/products/pioneer-hi-res-digital-audio-player-xdp-300rs
Klipsch XR8i In-Ear Headphones,279.0,55,klipsch,4.0,https://warehouse-theme-metal.myshopify.com/products/klipsch-xr8i-in-ear-headphones
Klipsch X12 Bluetooth Neckband Headphones,399.0,106,klipsch,0.0,https://warehouse-theme-metal.myshopify.com/products/klipsch-x12-bluetooth-neckband-headphones
Klipsch R6 On-Ear Headphones,79.0,69,klipsch,4.5,https://warehouse-theme-metal.myshopify.com/products/klipsch-r6-on-ear-headphones
JBL Cruise Bluetooth Handlebar Speaker Kit,199.95,114,jbl,4.0,https://warehouse-theme-metal.myshopify.com/products/jbl-cruise-bluetooth-handlebar-speaker-kit
JBL Clip 3 Portable Waterproof Wireless Bluetooth Speaker,59.95,688,jbl,4.5,https://warehouse-theme-metal.myshopify.com/products/jbl-clip-3-portable-waterproof-wireless-bluetooth-speaker
Denon AH-C720 In-Ear Headphones,119.0,236,denon,5.0,https://warehouse-theme-metal.myshopify.com/products/denon-ah-c720-in-ear-headphones
AKG N40 Customizable Hi-Res In-Ear Headphones,399.95,39,akg,5.0,https://warehouse-theme-metal.myshopify.com/products/akg-n40-customizable-high-resolution-in-ear-headphones
AKG N20 Premium In-Ear Headphones,119.95,203,akg,5.0,https://warehouse-theme-metal.myshopify.com/products/akg-n20-premium-in-ear-headphones
Yamaha WX-030 MusicCast Wireless Speaker,249.95,160,yamaha,4.5,https://warehouse-theme-metal.myshopify.com/products/yamaha-wx-030-musiccast-wireless-speaker
Yamaha WX-010 MusicCast Multiroom Digital Music System,179.95,111,yamaha,4.0,https://warehouse-theme-metal.myshopify.com/products/yamaha-wx-010bl-musiccast-multiroom-digital-music-system
Yamaha MusicCast 20 Wireless Speaker,229.95,48,yamaha,4.5,https://warehouse-theme-metal.myshopify.com/products/yamaha-musiccast-20-wireless-speaker
Yamaha MultiCast 50 Wireless Speaker WX-051,499.95,211,yamaha,3.0,https://warehouse-theme-metal.myshopify.com/products/yamaha-multicast-50-wireless-speaker-wx-051
Yamaha EPH-M100 High-performance Earphones with Remote and Mic,99.95,310,yamaha,5.0,https://warehouse-theme-metal.myshopify.com/products/yamaha-eph-m100-high-performance-earphones-with-remote-and-mic
Sony XB-950B1 Extra Bass Wireless Headphones with App Control,128.0,99,sony,5.0,https://warehouse-theme-metal.myshopify.com/products/sony-xb950-extra-bass-wireless-headphones-with-app-control
Sony WH1000XM3 Wireless Industry Leading Noise Canceling Over-Ear Headphones,348.0,190,sony,4.5,https://warehouse-theme-metal.myshopify.com/products/sony-wh1000xm3-wireless-industry-leading-noise-canceling-over-ear-headphones
Sony RF995RK Wireless RF Headphones,118.0,29,sony,5.0,https://warehouse-theme-metal.myshopify.com/products/sony-rf995rk-wireless-rf-headphones
Sony MDRXB650BT Extra Bass Bluetooth Headphones,128.0,188,sony,5.0,https://warehouse-theme-metal.myshopify.com/products/sony-mdrxb650bt-b-extra-bass-bluetooth-headphones
Sony MDR-100ABN/B H.ear Wireless Headphones,348.0,136,sony,0.0,https://warehouse-theme-metal.myshopify.com/products/sony-mdr100abn-b-headphones
Sony MDR-RF912RK Wireless RF Headphones,88.0,97,sony,5.0,https://warehouse-theme-metal.myshopify.com/products/sony-mdr-rf912rk-wireless-rf-headphones
Shure SRH840 Professional Monitoring Headphones,199.0,72,shure,5.0,https://warehouse-theme-metal.myshopify.com/products/shure-srh840-professional-monitoring-headphones
Shure SRH1840 Professional Open Back Headphones,499.0,140,shure,3.0,https://warehouse-theme-metal.myshopify.com/products/shure-srh1840-professional-open-back-headphones
Shure SE535LTD Limited Edition Red Sound Isolating Earphones with Remote + Mic,499.0,49,shure,4.0,https://warehouse-theme-metal.myshopify.com/products/shure-se535ltd-limited-edition-red-sound-isolating-earphones-with-remote-microphone
Shure SE535-V Sound Isolating Earphones with Triple High Definition MicroDrivers,449.0,43,shure,5.0,https://warehouse-theme-metal.myshopify.com/products/shure-se535-v-sound-isolating-earphones-with-triple-high-definition-microdrivers
Shure SE425-CL Sound Isolating Earphones with Dual High Definition MicroDrivers,269.0,10,shure,4.0,https://warehouse-theme-metal.myshopify.com/products/shure-se425-cl-sound-isolating-earphones-with-dual-high-definition-microdrivers
Shure SE215SPE-W-BT1 Wireless Sound Isolating Earphones,149.0,136,shure,5.0,https://warehouse-theme-metal.myshopify.com/products/shure-se215spe-w-bt1-wireless-sound-isolating-earphones
Shure SE215m+SPE Special Edition Sound Isolating Earphones with Remote + Mic,119.0,135,shure,5.0,https://warehouse-theme-metal.myshopify.com/products/shure-se215m-spe-special-edition-sound-isolatingtm-earphones-with-remote-mic
Shure SE215-CL Sound Isolating Earphones,99.0,82,shure,5.0,https://warehouse-theme-metal.myshopify.com/products/shure-se215-cl-sound-isolating-earphones
Shure RMCE-LTG Remote + Mic Lightning Accessory Cable SE Earphones,99.99,126,shure,4.5,https://warehouse-theme-metal.myshopify.com/products/shure-rmce-ltg-remote-mic-lightning-accessory-cable-se-earphones
Shure MV5 Digital Condenser Microphone,99.0,125,shure,5.0,https://warehouse-theme-metal.myshopify.com/products/shure-mv5-digital-condenser-microphone
Sennheiser RS 5000 Stethoset TV Listening Stystem,249.95,47,sennheiser,5.0,https://warehouse-theme-metal.myshopify.com/products/sennheiser-rs-5000-stethoset-tv-listening-stystem
Sennheiser PXC 480 Active Noise-Canceling Headphones,299.95,146,sennheiser,5.0,https://warehouse-theme-metal.myshopify.com/products/sennheiser-pxc-480-active-noise-canceling-headphones
Sennheiser MKE 440 Professional Stereo Shotgun Microphone (MKE 440),349.95,3,sennheiser,4.5,https://warehouse-theme-metal.myshopify.com/products/sennheiser-mke-440-professional-stereo-shotgun-microphone-mke-440
Sennheiser HD 599 Open Back Headphones,199.95,92,sennheiser,5.0,https://warehouse-theme-metal.myshopify.com/products/sennheiser-hd-599-open-back-headphones
Sennheiser HD 579 Open Back Headphones,199.95,121,sennheiser,5.0,https://warehouse-theme-metal.myshopify.com/products/sennheiser-hd-579-open-back-headphones
Sennheiser HD 569 Closed Back Headphones,149.95,93,sennheiser,5.0,https://warehouse-theme-metal.myshopify.com/products/sennheiser-hd-569-closed-back-headphones
Sennheiser HD 559 Open Back Headphones,99.95,88,sennheiser,4.5,https://warehouse-theme-metal.myshopify.com/products/sennheiser-hd-559-open-back-headphones
Sennheiser HD 4.30G Around Ear Headphones,99.95,201,sennheiser,4.0,https://warehouse-theme-metal.myshopify.com/products/sennheiser-hd-4-30g-around-ear-headphones
Sennheiser HD 4.20S Around Ear Headphones,79.95,141,sennheiser,5.0,https://warehouse-theme-metal.myshopify.com/products/sennheiser-hd-4-20s-around-ear-headphones
Sennheiser GSP 500 Open Acoustic Gaming Headset,229.95,95,sennheiser,5.0,https://warehouse-theme-metal.myshopify.com/products/sennheiser-gsp-500-open-acoustic-gaming-headset
Sennheiser GSP 350 PC Gaming Headset with Dolby 7.1 Surround Sound,139.95,145,sennheiser,5.0,https://warehouse-theme-metal.myshopify.com/products/sennheiser-gsp-350-pc-gaming-headset-with-dolby-7-1-surround-sound
Sennheiser GSP 300 Closed Back Gaming Headset,99.95,138,sennheiser,5.0,https://warehouse-theme-metal.myshopify.com/products/sennheiser-gsp-300-closed-back-gaming-headset
Sennheiser CX Sport Bluetooth Sport In-Ear Headphones,129.95,102,sennheiser,3.0,https://warehouse-theme-metal.myshopify.com/products/sennheiser-cx-sport-bluetooth-sport-in-ear-headphones
Sennheiser CX 6.00 BT Wireless In-Ear Headphones,99.95,61,sennheiser,4.5,https://warehouse-theme-metal.myshopify.com/products/sennheiser-cx-6-00-bt-wireless-in-ear-headphones
Sennheiser ClipMic Digital Mobile Recording Microphone for iOS Devices,199.0,143,sennheiser,5.0,https://warehouse-theme-metal.myshopify.com/products/sennheiser-clipmic-digital-mobile-recording-microphone-for-ios-devices
Samsung WAM5500/ZA Radiant360 R5 Wi-Fi/Bluetooth Speaker,347.99,28,samsung,4.5,https://warehouse-theme-metal.myshopify.com/products/samsung-wam5500-za-radiant360-r5-wi-fi-bluetooth-speaker
Samsung WAM3500/ZA Radiant360 R3 Wi-Fi/Bluetooth Speaker,247.99,18,samsung,5.0,https://warehouse-theme-metal.myshopify.com/products/samsung-wam3500-za-radiant360-r3-wi-fi-bluetooth-speaker
Pioneer SE-MS7BT-K High Resolution Compatible Dynamic Sealed Bluetooth Headphones,129.99,134,pioneer,4.5,https://warehouse-theme-metal.myshopify.com/products/pioneer-se-ms7bt-k-high-resolution-compatible-dynamic-sealed-bluetooth-headphones
Pioneer High Performance Hi-Res Balanced Wired In-Ear Headphones SE-CH5BL(K),39.99,131,pioneer,0.0,https://warehouse-theme-metal.myshopify.com/products/pioneer-high-performance-hi-res-balanced-wired-in-ear-headphones-se-ch5blk
Master Dynamic MW60 Wireless Over-Ear Headphones,549.0,478,master & dynamic,5.0,https://warehouse-theme-metal.myshopify.com/products/master-dynamic-mw60-wireless-over-ear-headphones
Master Dynamic MW50S1+ 2-In-1 Wireless On/Over-Ear Headphones,399.0,332,master & dynamic,5.0,https://warehouse-theme-metal.myshopify.com/products/master-dynamic-mw50-wireless-on-ear-headphones
Master Dynamic MH40 Over-Ear Headphones,399.0,115,master & dynamic,4.0,https://warehouse-theme-metal.myshopify.com/products/master-dynamic-mh40-over-ear-headphones
Marantz TT42 Fully Automatic Belt Drive Turntable,329.0,248,marantz,4.5,https://warehouse-theme-metal.myshopify.com/products/marantz-tt42-fully-automatic-belt-drive-turntable-with-cartridge
Marantz TT-15S1 Reference Belt Drive Turntable with Cartridge,1499.0,95,marantz,5.0,https://warehouse-theme-metal.myshopify.com/products/marantz-tt-15s1-reference-belt-drive-turntable-with-cartridge
Klipsch The One,299.0,140,klipsch,5.0,https://warehouse-theme-metal.myshopify.com/products/klipsch-the-one
Klipsch Reference On-Ear Bluetooth Headphones,199.0,243,klipsch,5.0,https://warehouse-theme-metal.myshopify.com/products/klipsch-reference-on-ear-bluetooth-headphones
Klipsch R6i In-Ear Headphones,79.0,134,klipsch,5.0,https://warehouse-theme-metal.myshopify.com/products/klipsch-r6i-in-ear-headphones
Klipsch Heritage Wireless Three Tabletop Stereo System,499.0,142,klipsch,0.0,https://warehouse-theme-metal.myshopify.com/products/klipsch-heritage-wireless-three-tabletop-stereo-system
Klipsch Heritage HP-3 Headphones,1199.0,125,klipsch,5.0,https://warehouse-theme-metal.myshopify.com/products/klipsch-heritage-hp-3-headphones
JBL Xtreme 2 Portable Wireless Bluetooth Speakers,299.95,302,jbl,4.5,https://warehouse-theme-metal.myshopify.com/products/jbl-xtreme-2-portable-wireless-bluetooth-speakers
JBL Under Armour Sport Wireless Train On-Ear Headphones,199.95,159,jbl,4.5,https://warehouse-theme-metal.myshopify.com/products/jbl-under-armour-sport-wireless-train-on-ear-headphones
JBL Tune 600 BTNC On-Ear Wireless Bluetooth Noise Canceling Headphones,79.95,351,jbl,5.0,https://warehouse-theme-metal.myshopify.com/products/jbl-tune-600-btnc-on-ear-wireless-bluetooth-noise-canceling-headphones
JBL Tune 205BT Wireless Earbuds,31.95,444,jbl,4.0,https://warehouse-theme-metal.myshopify.com/products/jbl-tune-205bt-wireless-earbuds
JBL Reflect Mini 2 Wireless In-Ear Sport Headphones with Three-Button Remote and Mic,99.95,63,jbl,4.5,https://warehouse-theme-metal.myshopify.com/products/jbl-reflect-mini-2-wireless-in-ear-sport-headphones-with-three-button-remote-and-microphone
JBL Reflect Fit In-Ear Wireless Headphones with Heart-Rate Monitor,149.95,144,jbl,4.5,https://warehouse-theme-metal.myshopify.com/products/jbl-reflect-fit-in-ear-wireless-headphones-with-heart-rate-monitor
JBL Playlist Wireless Speaker with Chromecast Built-In,149.95,159,jbl,3.0,https://warehouse-theme-metal.myshopify.com/products/jbl-playlist-wireless-speaker-with-chromecast-built-in
JBL Live 650BTNC Wireless Over-Ear NC Headphones,199.95,248,jbl,5.0,https://warehouse-theme-metal.myshopify.com/products/jbl-live-650btnc-wireless-over-ear-nc-headphones
JBL Live 200 In-Ear Neckband Headphones,69.95,293,jbl,5.0,https://warehouse-theme-metal.myshopify.com/products/jbl-live-200-in-ear-neckband-headphones
JBL Live 100 In-Ear Headphones,39.95,199,jbl,4.5,https://warehouse-theme-metal.myshopify.com/products/jbl-live-100-in-ear-headphones
JBL Link 20 Voice Activated Portable Speaker,99.95,49,jbl,5.0,https://warehouse-theme-metal.myshopify.com/products/jbl-link-20-voice-activated-portable-speaker
"JBL Everest 310 On-Ear Wireless Headphones, with Google Assistant",199.95,381,jbl,5.0,https://warehouse-theme-metal.myshopify.com/products/jbl-everest-310-on-ear-wireless-headphones-with-google-assist
JBL Endurance Peak Waterproof Sport In-Ear Headphones with Built-In Remote and Mic,119.95,88,jbl,5.0,https://warehouse-theme-metal.myshopify.com/products/jbl-endurance-peak-waterproof-sport-in-ear-headphones-with-built-in-remote-and-microphone
JBL Endurance 500 Jump In-Ear Bluetooth Sport Headphones,69.95,506,jbl,5.0,https://warehouse-theme-metal.myshopify.com/products/jbl-endurance-500-jump-in-ear-bluetooth-sport-headphones
JBL E65BTNC Wireless Over-Ear Noise-Cancelling Headphones with Mic and One-Button Remote,139.95,97,jbl,4.5,https://warehouse-theme-metal.myshopify.com/products/jbl-e65btnc-wireless-over-ear-noise-cancelling-headphones-with-mic-and-one-button-remote
JBL E55BT Quincy Edition Wireless Over-Ear Headphones,199.95,180,jbl,5.0,https://warehouse-theme-metal.myshopify.com/products/jbl-e55bt-quincy-edition-wireless-over-ear-headphones
JBL Charge 4 Portable Waterproof Wireless Bluetooth Speaker,149.95,768,jbl,5.0,https://warehouse-theme-metal.myshopify.com/products/jbl-charge-4-portable-waterproof-wireless-bluetooth-speaker
JBL Charge 3 Portable Bluetooth Speaker,99.95,512,jbl,3.0,https://warehouse-theme-metal.myshopify.com/products/jbl-charge-3-portable-bluetooth-speaker
Harman Kardon Soho Wireless On-Ear Headphones,249.95,61,harman kardon,5.0,https://warehouse-theme-metal.myshopify.com/products/harman-kardon-soho-wireless-on-ear-headphones
Harman Kardon Omni50+ Streaming Weatherproof HD Speaker Bluetooth,499.95,116,harman kardon,4.0,https://warehouse-theme-metal.myshopify.com/products/harman-kardon-omni50-streaming-weatherproof-hd-speaker-w-bluetooth
Harman Kardon Omni 20+ Wireless Stereo HD Loudspeaker,349.95,145,harman kardon,5.0,https://warehouse-theme-metal.myshopify.com/products/harman-kardon-omni-20-wireless-stereo-hd-loudspeaker
Harman Kardon Omni 10+ Wireless HD Loudspeaker,249.95,90,harman kardon,4.5,https://warehouse-theme-metal.myshopify.com/products/harman-kardon-omni-10-wireless-hd-loudspeaker
"Harman Kardon Invoke Voice-Activated Speaker, with Cortana",199.95,41,harman kardon,5.0,https://warehouse-theme-metal.myshopify.com/products/harman-kardon-invoke-voice-activated-speaker-with-cortana
Harman Kardon Go+Play Mini Portable Bluetooth Player,399.95,174,harman kardon,4.0,https://warehouse-theme-metal.myshopify.com/products/harman-kardon-go-play-mini-portable-bluetooth-player
Harman Kardon Esquire Portable Wireless Speaker and Conferencing System,174.95,88,harman kardon,4.5,https://warehouse-theme-metal.myshopify.com/products/harman-kardon-esquire-portable-wireless-speaker-and-conferencing-system
Harman Kardon Esquire 2 Portable Wireless Speaker and Conferencing System,199.95,118,harman kardon,5.0,https://warehouse-theme-metal.myshopify.com/products/harman-kardon-esquire-2-portable-wireless-speaker-and-conferencing-system
Harman Kardon Citation ONE Smart Home Speaker,199.95,148,harman kardon,5.0,https://warehouse-theme-metal.myshopify.com/products/harman-kardon-citation-one-smart-home-speaker
Harman Kardon Citation 500 Smart Home Speaker,599.95,168,harman kardon,4.5,https://warehouse-theme-metal.myshopify.com/products/harman-kardon-citation-500-smart-home-speaker
Harman Kardon Citation 300 Smart Home Speaker,399.95,197,harman kardon,5.0,https://warehouse-theme-metal.myshopify.com/products/harman-kardon-citation-300-smart-home-speaker
Harman Kardon Citation 100 Smart Home Speaker,299.95,190,harman kardon,0.0,https://warehouse-theme-metal.myshopify.com/products/harman-kardon-citation-100-smart-home-speaker
Focal Stellia Closed Back Headphones,2999.0,69,focal,0.0,https://warehouse-theme-metal.myshopify.com/products/focal-stellia-closed-back-headphones
Focal Spark Wireless Bluetooth In-Ear Headphones,49.0,166,focal,5.0,https://warehouse-theme-metal.myshopify.com/products/focal-spark-wireless-bluetooth-in-ear-headphones
Focal Spark Wired In-Ear Headphones,69.0,210,focal,5.0,https://warehouse-theme-metal.myshopify.com/products/focal-spark-wired-in-ear-headphones
Focal Listen Wireless On-Ear Bluetooth Headphones,299.0,298,focal,4.0,https://warehouse-theme-metal.myshopify.com/products/focal-listen-wireless-on-ear-bluetooth-headphones
Focal CMS 40 Carrying Bag,55.0,115,focal,5.0,https://warehouse-theme-metal.myshopify.com/products/focal-cms-40-carrying-bag
Focal Clear Professional Open-Back Reference Studio Headphones,1499.0,57,focal,0.0,https://warehouse-theme-metal.myshopify.com/products/focal-clear-professional-open-back-reference-studio-headphones
Devialet VY510US Accessory Dialog Wireless Smart Hub for Phantom,329.0,22,devialet,4.5,https://warehouse-theme-metal.myshopify.com/products/devialet-vy510us-accessory-dialog-wireless-smart-hub-for-phantom
Devialet Phantom Remote Super Power Control,149.0,141,devialet,0.0,https://warehouse-theme-metal.myshopify.com/products/devialet-phantom-remote-super-power-control
Devialet Care 3 Year Insurance for Devialet Phantom,299.0,129,devialet,5.0,https://warehouse-theme-metal.myshopify.com/products/devialet-care-phantoms-insurance-me355aa-aa
Denon AHGC20 Globe Cruiser Over-Ear Wireless Noise Cancelling Headphones,399.0,132,denon,0.0,https://warehouse-theme-metal.myshopify.com/products/denon-ahgc20-globe-cruiser-over-ear-wireless-noise-cancelling-headphones
Denon AH-MM400 Music Maniac Over-Ear Headphones,399.0,32,denon,4.5,https://warehouse-theme-metal.myshopify.com/products/denon-ah-mm400-music-maniac-over-ear-headphones
Denon AH-MM200BK Music Maniac On-Ear Headphones,199.0,132,denon,4.5,https://warehouse-theme-metal.myshopify.com/products/denon-ah-mm200bk-music-maniac-on-ear-headphones
Denon AH-D7200 Reference Over-Ear Headphones,799.0,135,denon,5.0,https://warehouse-theme-metal.myshopify.com/products/denon-ah-d7200-reference-over-ear-headphones
Cambridge YoYo (S) Portable Bluetooth Speaker,179.99,281,cambridge,5.0,https://warehouse-theme-metal.myshopify.com/products/cambridge-audio-yoyo-s-portable-bluetooth-speaker
Cambridge YoYo (M) Bluetooth Speakers - Pair,349.99,295,cambridge,5.0,https://warehouse-theme-metal.myshopify.com/products/cambridge-audio-yoyo-m-bluetooth-speakers-blue-pair
Audio-Technica VMN70SP Replacement Stylus,89.0,135,audio technica,4.5,https://warehouse-theme-metal.myshopify.com/products/audio-technica-vmn70sp-replacement-stylus
Audio-Technica VMN60SLC Replacement Stylus,529.0,102,audio technica,5.0,https://warehouse-theme-metal.myshopify.com/products/audio-technica-vmn60slc-replacement-stylus
Audio-Technica VMN50SH Replacement Stylus,279.0,143,audio technica,4.5,https://warehouse-theme-metal.myshopify.com/products/audio-technica-vmn50sh-replacement-stylus
Audio-Technica VMN40ML Replacement Stylus,209.0,35,audio technica,5.0,https://warehouse-theme-metal.myshopify.com/products/audio-technica-vmn40ml-replacement-stylus
Audio-Technica VMN30EN Replacement Stylus,139.0,109,audio technica,4.5,https://warehouse-theme-metal.myshopify.com/products/audio-technica-vmn30en-replacement-stylus
Audio-Technica VMN20EB Replacement Stylus,79.0,108,audio technica,0.0,https://warehouse-theme-metal.myshopify.com/products/audio-technica-vmn20eb-replacement-stylus
Audio-Technica VMN10CB Replacement Stylus,69.0,9,audio technica,5.0,https://warehouse-theme-metal.myshopify.com/products/audio-technica-vmn10cb-replacement-stylus
Audio-Technica VM750SH Dual Moving Magnet Cartridge,399.0,92,audio technica,5.0,https://warehouse-theme-metal.myshopify.com/products/audio-technica-vm750sh-dual-moving-magnet-cartridge
Audio-Technica VM740ML Dual Moving Magnet Cartridge,329.0,32,audio technica,5.0,https://warehouse-theme-metal.myshopify.com/products/audio-technica-vm740ml-dual-moving-magnet-cartridge
Audio-Technica VM540ML Dual Moving Magnet Cartridge,249.0,5,audio technica,4.0,https://warehouse-theme-metal.myshopify.com/products/audio-technica-vm540ml-dual-moving-magnet-cartridge
Audio-Technica VM530EN Dual Moving Magnet Cartridge,179.0,0,audio technica,5.0,https://warehouse-theme-metal.myshopify.com/products/audio-technica-vm530en-dual-moving-magnet-cartridge
Audio-Technica VM520EB Dual Moving Magnet Cartridge,119.0,61,audio technica,5.0,https://warehouse-theme-metal.myshopify.com/products/audio-technica-vm520eb-dual-moving-magnet-cartridge
Audio Technica ATH-WS770iSBRD Solid Bass Over-Ear Headphones with In-line Mic & Control,129.0,35,audio technica,4.5,https://warehouse-theme-metal.myshopify.com/products/audio-technica-ath-ws770isbrd-solid-bass-over-ear-headphones-with-in-line-mic-control
Audio Technica ATH-WS1100iS Solid Bass Over-Ear Headphones with In-line Mic & Control,229.0,30,audio technica,3.0,https://warehouse-theme-metal.myshopify.com/products/audio-technica-ath-ws1100is-solid-bass-over-ear-headphones-with-in-line-mic-control
Audio-Technica ATH-SR9 Sound Reality Over-Ear Hi-Res Headphones,449.0,16,audio technica,5.0,https://warehouse-theme-metal.myshopify.com/products/audio-technica-ath-sr9-sound-reality-over-ear-high-resolution-headphones
Audio Technica ATH-SR5 On-Ear High-Resolution Audio Headphones,149.0,255,audio technica,5.0,https://warehouse-theme-metal.myshopify.com/products/audio-technica-ath-sr5-on-ear-high-resolution-audio-headphones
Audio-Technica ATH-MSR7BK SonicPro Over-Ear Hi-Res Audio Headphones,170.0,35,audio technica,4.0,https://warehouse-theme-metal.myshopify.com/products/audio-technica-ath-msr7bk-sonicpro-over-ear-high-resolution-audio-headphones
Audio-Technica ATH-LS400iS In-Ear Quad Armature Driver Headphones with In-line Mic & Control,579.0,74,audio technica,4.5,https://warehouse-theme-metal.myshopify.com/products/audio-technica-ath-ls400is-in-ear-quad-armature-driver-headphones-with-in-line-mic-control
Audio-Technica ATH-LS300iS In-Ear Triple Armature Driver Headphones with In-line Mic & Control,389.0,63,audio technica,4.5,https://warehouse-theme-metal.myshopify.com/products/audio-technica-ath-ls300is-in-ear-triple-armature-driver-headphones-with-in-line-mic-control
Audio-Technica ATH-LS200iS In-Ear Dual Armature Driver Headphones with In-line Mic & Control,249.0,12,audio technica,5.0,https://warehouse-theme-metal.myshopify.com/products/audio-technica-ath-ls200is-in-ear-dual-armature-driver-headphones-with-in-line-mic-control
Audio-Technica ATH-CKS990iS Solid Bass In-Ear Headphones with In-line Mic & Control,99.95,73,audio technica,5.0,https://warehouse-theme-metal.myshopify.com/products/audio-technica-ath-cks990is-solid-bass-in-ear-headphones-with-in-line-microphone-control
Audio-Technica ATH-ANC9 QuietPoint Active Noise-Cancelling Headphones,109.0,47,audio technica,4.0,https://warehouse-theme-metal.myshopify.com/products/audio-technica-ath-anc9-quietpoint-active-noise-cancelling-headphones
Audio-Technica AT-OC9ML/II Dual Moving MicroCoil Cartridge,699.0,106,audio technica,5.0,https://warehouse-theme-metal.myshopify.com/products/audio-technica-at-oc9ml-ii-dual-moving-microcoil-cartridge
Audio-Technica AT-LP7 Fully Manual Belt-Drive Turntable,799.0,18,audio technica,4.0,https://warehouse-theme-metal.myshopify.com/products/audio-technica-at-lp7-fully-manual-belt-drive-turntable
Audio-Technica AT-LP3WH Fully Automatic Belt-Drive Stereo Turntable,249.0,21,audio technica,5.0,https://warehouse-theme-metal.myshopify.com/products/audio-technica-at-lp3wh-fully-automatic-belt-drive-stereo-turntable
"Audio-Technica AT-LP1240-USBXP Direct-Drive Professional DJ Turntable, USB & Analog",499.0,63,audio technica,4.0,https://warehouse-theme-metal.myshopify.com/products/audio-technica-at-lp1240-usbxp-direct-drive-professional-dj-turntable-usb-analog
"Audio Technica AT-LP120BK-USB Direct-Drive Professional Turntable, USB & Analog",299.0,85,audio technica,5.0,https://warehouse-theme-metal.myshopify.com/products/audio-technica-at-lp120bk-usb-direct-drive-professional-turntable-usb-analog
AKG Y50 On-Ear Bluetooth Headphones,149.95,214,akg,0.0,https://warehouse-theme-metal.myshopify.com/products/akg-y50-on-ear-bluetooth-headphones
AKG N90Q Class Auto-Calibrating Noise Cancelling Headphones,1499.95,167,akg,4.5,https://warehouse-theme-metal.myshopify.com/products/akg-n90q-le-reference-class-auto-calibrating-noise-cancelling-headphones
AKG N60NCBT On-Ear Wireless Bluetooth Headphones,299.95,47,akg,0.0,https://warehouse-theme-metal.myshopify.com/products/akg-n60ncbt-on-ear-wireless-bluetooth-headphones
AKG N60 NC Noise Cancelling On-Ear Headphones,249.95,117,akg,4.5,https://warehouse-theme-metal.myshopify.com/products/akg-n60-nc-akg-headphone
AKG N5005 Reference Class 5-Driver Configuration In-Ear Headphones,999.95,37,akg,5.0,https://warehouse-theme-metal.myshopify.com/products/akg-n5005-reference-class-5-driver-configuration-in-ear-headphones
